name,meaning,origin,ipa,pronunciation,variants,tags,source,verified,language,tier,confidence,resolver,updated_at,id,gender,popularity_score,first_seen_year,last_seen_year,peak_year,is_biblical,is_palindrome,phonetic,first_letter,stresses,syllables,alliteration,is_unisex,slug,length,country,source_url,last_reviewed,notes,priority,status,meaning_done,origin_done,ipa_done,tags_done,seo_done,reviewed,published,processed_at,pipeline_version,content_hash,seo_description,campaign,stage,equivalents,scripts,completion_level,short_forms,full_forms,feminine_forms,masculine_forms,other_forms,other_readings
Alan,,,/lən/,,['Allen' 'Allan'],short,behindthename,True,,golden,0.95,,,59265.0,Male,725906.0,1880.0,2023.0,1955.0,False,False,['AE1 L AH0 N'],A,['10'],2.0,,False,alan,4.0,,,,,82.0,enriched,False,False,True,True,True,False,False,2026-09-04T21:32:39.427112,0.2.0,c1472bbb711befa0,Alan is a nan name associated with nan. It remains a timeless choice for modern parents.,golden_500,verified,,,empty,,,,,,
Amy,,,/mi/,,['Amey'],short,behindthename,True,,golden,0.95,,,39.0,Female,699914.0,1880.0,2023.0,1975.0,False,False,['EY1 M IY0'],A,['10'],2.0,,False,amy,3.0,,,,,88.0,enriched,False,False,True,True,True,False,False,2026-09-04T21:32:39.433525,0.2.0,337dcaa30d0a57f4,Amy is a nan name associated with nan. Its elegant sound has made it popular around the world.,golden_500,verified,,,empty,,,,,,
Andrew,,,/ndru/,,['Andreu'],medium,behindthename,True,,golden,0.95,,,59239.0,Male,1320240.0,1880.0,2023.0,2019.0,True,False,['AE1 N D R UW0'],A,['10'],2.0,,False,andrew,6.0,,,,,29.0,enriched,False,False,True,True,True,False,False,2026-09-04T21:32:39.377715,0.2.0,8ba253e4d1a9d097,Andrew is a nan name associated with nan. Its elegant sound has made it popular around the world.,golden_500,verified,,,empty,,,,,,
Ann,,,/nn/,,['Ane' 'An' 'Anne'],short,behindthename,True,,golden,0.95,,,31.0,Female,795322.0,1880.0,2023.0,2015.0,False,False,['AH0 N' 'AE1 N'],A,['0' '1'],1.0,,False,ann,3.0,,,,,71.0,enriched,False,False,True,True,True,False,False,2026-09-04T21:32:39.410996,0.2.0,9704ec8b3d520cb4,The name Ann comes from nan roots and means nan. Its elegant sound has made it popular around the world.,golden_500,verified,,,empty,,,,,,
Anna,,,/nənə/,,['Ana'],short,behindthename,True,,golden,0.95,,,17.0,Female,1017985.0,1880.0,2023.0,1991.0,True,True,['AA1 N AH0' 'AE1 N AH0'],A,['10' '10'],2.0,,False,anna,4.0,,,,,48.0,enriched,False,False,True,True,True,False,False,2026-09-04T21:32:39.398781,0.2.0,1051c3356c81e6df,The name Anna comes from nan roots and means nan. It remains a timeless choice for modern parents.,golden_500,verified,,,empty,,,,,,
Barbara,,,/ˈɑrbɝəˈɑrbrə/,,['Barbra'],medium,behindthename,True,,golden,0.95,,,7.0,Female,1436052.0,1880.0,2023.0,1947.0,False,False,['B AA1 R B ER0 AH0' 'B AA1 R B R AH0'],B,['100' '10'],2.0,2.0,False,barbara,7.0,,,,,25.0,enriched,False,False,True,True,True,False,False,2026-09-04T21:32:39.372290,0.2.0,7220db75343a96e0,Barbara is a nan name associated with nan. It remains a timeless choice for modern parents.,golden_500,verified,,,empty,,,,,,
Betty,,,/ˈɛti/,,['Betti' 'Bette'],medium,behindthename,True,,golden,0.95,,,15.0,Female,1036480.0,1880.0,2023.0,1946.0,False,False,['B EH1 T IY0'],B,['10'],2.0,,False,betty,5.0,,,,,46.0,enriched,False,False,True,True,True,False,False,2026-09-04T21:32:39.397784,0.2.0,ffebaac68abd9d8e,Betty is a nan name associated with nan. It remains a timeless choice for modern parents.,golden_500,verified,,,empty,,,,,,
Brandon,,,/rˈændən/,,['Branden'],medium,behindthename,True,,golden,0.95,,,59259.0,Male,795005.0,1914.0,2023.0,1992.0,False,False,['B R AE1 N D AH0 N'],B,['10'],2.0,,False,brandon,7.0,,,,,72.0,enriched,False,False,True,True,True,False,False,2026-09-04T21:32:39.410996,0.2.0,016c7473278b9c1d,The name Brandon comes from nan roots and means nan. It remains a timeless choice for modern parents.,golden_500,verified,,,empty,,,,,,
Brian,,,/rˈaɪən/,,['Bryan' 'Bryon' 'Brion' 'Bryen'],medium,behindthename,True,,golden,0.95,,,59233.0,Male,1576990.0,1883.0,2023.0,2001.0,False,False,['B R AY1 AH0 N'],B,['10'],2.0,,False,brian,5.0,,,,,17.0,enriched,False,False,True,True,True,False,False,2026-09-04T21:32:39.364311,0.2.0,57ebe7576742cfb8,Brian is a nan name associated with nan. It remains a timeless choice for modern parents.,golden_500,verified,,,empty,,,,,,
Carol,,,/ˈærəlˈɛrəl/,,['Carrel' 'Karel' 'Carole' 'Caryl' 'Carroll' 'Carrol'],medium,behindthename,True,,golden,0.95,,,21.0,Female,933359.0,1880.0,2023.0,1946.0,False,False,['K AE1 R AH0 L' 'K EH1 R AH0 L'],C,['10' '10'],2.0,,False,carol,5.0,,,,,55.0,enriched,False,False,True,True,True,False,False,2026-09-04T21:32:39.405299,0.2.0,4e8986014e713fed,Carol is a nan name associated with nan. It remains a timeless choice for modern parents.,golden_500,verified,,,empty,,,,,,
Catherine,,,/ˈæθɝənˈæθrɪnˈæθɝɪn/,,['Catharine' 'Katheran' 'Katherine' 'Katharine' 'Kathryn'],long,behindthename,True,,golden,0.95,,,44.0,Female,665832.0,1880.0,2023.0,1956.0,False,False,['K AE1 TH ER0 AH0 N' 'K AE1 TH R IH0 N' 'K AE1 TH ER0 IH0 N'],C,['100' '10' '100'],2.0,,False,catherine,9.0,,,,,94.0,enriched,False,False,True,True,True,False,False,2026-09-04T21:32:39.441014,0.2.0,cb3c28e1ca46109a,Catherine is a nan name associated with nan. It remains a timeless choice for modern parents.,golden_500,verified,,,empty,,,,,,
Charles,,,/ˈɑrəlzˈɑrlz/,,['Charls'],medium,behindthename,True,,golden,0.95,,,59227.0,Male,2423731.0,1880.0,2023.0,1947.0,False,False,['CH AA1 R AH0 L Z' 'CH AA1 R L Z'],C,['10' '1'],1.0,,False,charles,7.0,,,,,10.0,enriched,False,False,True,True,True,False,False,2026-09-04T21:32:39.356533,0.2.0,2c8005cd39a31b36,Charles is a nan name associated with nan. Its elegant sound has made it popular around the world.,golden_500,verified,,,empty,,,,,,
Christina,,,/rɪstˈinə/,,['Cristina' 'Kristina'],long,behindthename,True,,golden,0.95,,,43.0,Female,667587.0,1880.0,2023.0,1990.0,False,False,['K R IH0 S T IY1 N AH0'],C,['010'],3.0,,False,christina,9.0,,,,,93.0,enriched,False,False,True,True,True,False,False,2026-09-04T21:32:39.433525,0.2.0,7cf2b5428ca3c42b,Christina is a nan name associated with nan. It remains a timeless choice for modern parents.,golden_500,verified,,,empty,,,,,,
Christine,,,/rɪstˈin/,,['Kristine'],long,behindthename,True,,golden,0.95,,,42.0,Female,670299.0,1880.0,2023.0,1970.0,False,False,['K R IH0 S T IY1 N'],C,['01'],2.0,,False,christine,9.0,,,,,92.0,enriched,False,False,True,True,True,False,False,2026-09-04T21:32:39.433525,0.2.0,de07d689a2cbfb94,Christine is a nan name associated with nan. It remains a timeless choice for modern parents.,golden_500,verified,,,empty,,,,,,
Christopher,,,/rˈɪstəfɝ/,,['Kristopher'],long,behindthename,True,,golden,0.95,,,59230.0,Male,2122515.0,1880.0,2023.0,1984.0,False,False,['K R IH1 S T AH0 F ER0'],C,['100'],3.0,,False,christopher,11.0,,,,,13.0,enriched,False,False,True,True,True,False,False,2026-09-04T21:32:39.359533,0.2.0,711088471d66007a,Christopher is a nan name associated with nan. Its elegant sound has made it popular around the world.,golden_500,verified,,,empty,,,,,,
Deborah,,,/ˈɛbɝəˈɛbrə/,,['Debora' 'Debra'],medium,behindthename,True,,golden,0.95,,,8.0,Female,1322750.0,1880.0,2023.0,1957.0,True,False,['D EH1 B ER0 AH0' 'D EH1 B R AH0'],D,['100' '10'],2.0,,False,deborah,7.0,,,,,28.0,enriched,False,False,True,True,True,False,False,2026-09-04T21:32:39.375283,0.2.0,8d17911117bd214a,Deborah is a nan name associated with nan. It remains a timeless choice for modern parents.,golden_500,verified,,,empty,,,,,,
Dennis,,,/ˈɛnɪs/,,['Denis'],medium,behindthename,True,,golden,0.95,,,59269.0,Male,640751.0,1880.0,2023.0,1952.0,False,False,['D EH1 N IH0 S'],D,['10'],2.0,,False,dennis,6.0,,,,,98.0,enriched,False,False,True,True,True,False,False,2026-09-04T21:32:39.443867,0.2.0,58d9c01476f5e39e,Dennis is a nan name associated with nan. It remains a timeless choice for modern parents.,golden_500,verified,,,empty,,,,,,
Dorothy,,,/ˈɔrθiˈɔrəθi/,,['Dorthy'],medium,behindthename,True,,golden,0.95,,,11.0,Female,1131068.0,1880.0,2023.0,1927.0,False,False,['D AO1 R TH IY0' 'D AO1 R AH0 TH IY0'],D,['10' '100'],2.0,,False,dorothy,7.0,,,,,37.0,enriched,False,False,True,True,True,False,False,2026-09-04T21:32:39.387161,0.2.0,929474535650cc5e,Dorothy is a nan name associated with nan. Its elegant sound has made it popular around the world.,golden_500,verified,,,empty,,,,,,
Edward,,,/dwɝd/,,['Eduard'],medium,behindthename,True,,golden,0.95,,,59240.0,Male,1302157.0,1880.0,2023.0,2020.0,False,False,['EH1 D W ER0 D'],E,['10'],2.0,,False,edward,6.0,,,,,30.0,enriched,False,False,True,True,True,False,False,2026-09-04T21:32:39.379168,0.2.0,8cf47e3474289c13,Edward is a nan name associated with nan. It remains a timeless choice for modern parents.,golden_500,verified,,,empty,,,,,,
Elizabeth,,,/lˈɪzəbɪθlˈɪzəbəθ/,,['Elisabeth'],long,behindthename,True,,golden,0.95,,,2.0,Female,1722292.0,1880.0,2023.0,2001.0,False,False,['IH0 L IH1 Z AH0 B IH0 TH' 'IH0 L IH1 Z AH0 B AH0 TH'],E,['0100' '0100'],4.0,2.0,False,elizabeth,9.0,,,,,15.0,enriched,False,False,True,True,True,False,False,2026-09-04T21:32:39.362125,0.2.0,afa6ca42a8a955fa,Elizabeth is a nan name associated with nan. Its elegant sound has made it popular around the world.,golden_500,verified,,,empty,,,,,,
Eric,,,/rɪk/,,['Erick' 'Erich' 'Erik'],short,behindthename,True,,golden,0.95,,,59244.0,Male,1131622.0,1880.0,2023.0,2007.0,False,False,['EH1 R IH0 K'],E,['10'],2.0,,False,eric,4.0,,,,,36.0,enriched,False,False,True,True,True,False,False,2026-09-04T21:32:39.386164,0.2.0,a97e03bd3fe0630b,The name Eric comes from nan roots and means nan. Its elegant sound has made it popular around the world.,golden_500,verified,,,empty,,,,,,
Frank,,,/rˈæŋk/,,['Franck' 'Franc' 'Franke'],medium,behindthename,True,,golden,0.95,,,59254.0,Male,914915.0,1880.0,2023.0,2014.0,False,False,['F R AE1 NG K'],F,['1'],1.0,,False,frank,5.0,,,,,57.0,enriched,False,False,True,True,True,False,False,2026-09-04T21:32:39.407293,0.2.0,7375b828b94e396c,Frank is a nan name associated with nan. Its elegant sound has made it popular around the world.,golden_500,verified,,,empty,,,,,,
Gary,,,/ˈæriˈɛri/,,['Garey' 'Garry' 'Garrey'],short,behindthename,True,,golden,0.95,,,59252.0,Male,950850.0,1880.0,2023.0,1954.0,False,False,['G AE1 R IY0' 'G EH1 R IY0'],G,['10' '10'],2.0,,False,gary,4.0,,,,,54.0,enriched,False,False,True,True,True,False,False,2026-09-04T21:32:39.405299,0.2.0,e90c126254800d9a,Gary is a nan name associated with nan. Its elegant sound has made it popular around the world.,golden_500,verified,,,empty,,,,,,
Gregory,,,/rˈiɡɝirˈɛɡɝi/,,['Grigory' 'Gregorie'],medium,behindthename,True,,golden,0.95,,,59267.0,Male,710875.0,1880.0,2023.0,2014.0,False,False,['G R IY1 G ER0 IY0' 'G R EH1 G ER0 IY0'],G,['100' '100'],3.0,2.0,False,gregory,7.0,,,,,86.0,enriched,False,False,True,True,True,False,False,2026-09-04T21:32:39.433525,0.2.0,2fc2f72583bc41e1,Gregory is a nan name associated with nan. It remains a timeless choice for modern parents.,golden_500,verified,,,empty,,,,,,
Helen,,,/ˈɛlˈænˈɛlən/,,['Hellen' 'Hellan'],medium,behindthename,True,,golden,0.95,,,16.0,Female,1030906.0,1880.0,2023.0,1924.0,False,False,['HH EH1 L AE1 N' 'HH EH1 L AH0 N'],H,['11' '10'],2.0,,False,helen,5.0,,,,,47.0,enriched,False,False,True,True,True,False,False,2026-09-04T21:32:39.398781,0.2.0,fd2d888ee20edf18,Helen is a nan name associated with nan. Its elegant sound has made it popular around the world.,golden_500,verified,,,empty,,,,,,
Jean,,,/ˈin/,,['Jeanne' 'Gene' 'Gean' 'Jeane'],short,behindthename,True,,golden,0.95,,,48.0,Female,633604.0,1880.0,2023.0,1947.0,False,False,['JH IY1 N'],J,['1'],1.0,,False,jean,4.0,,,,,100.0,enriched,False,False,True,True,True,False,False,2026-09-04T21:32:39.445879,0.2.0,2264ade7f5da65b0,Jean is a nan name associated with nan. Its elegant sound has made it popular around the world.,golden_500,verified,,,empty,,,,,,
Jeffrey,,,/ˈɛfri/,,['Jeffry' 'Geoffrey'],medium,behindthename,True,,golden,0.95,,,59248.0,Male,1048130.0,1885.0,2023.0,1975.0,False,False,['JH EH1 F R IY0'],J,['10'],2.0,,False,jeffrey,7.0,,,,,43.0,enriched,False,False,True,True,True,False,False,2026-09-04T21:32:39.394751,0.2.0,80f0cc18bae4ba32,Jeffrey is a nan name associated with nan. Its elegant sound has made it popular around the world.,golden_500,verified,,,empty,,,,,,
Jerry,,,/ˈɛri/,,['Gery' 'Jeri' 'Jerri' 'Jerrie' 'Gerri' 'Jere' 'Gerry' 'Gerrie'],medium,behindthename,True,,golden,0.95,,,59270.0,Male,635044.0,1880.0,2023.0,2008.0,False,False,['JH EH1 R IY0'],J,['10'],2.0,,False,jerry,5.0,,,,,99.0,enriched,False,False,True,True,True,False,False,2026-09-04T21:32:39.445879,0.2.0,52136f52cfa79cc0,Jerry is a nan name associated with nan. It remains a timeless choice for modern parents.,golden_500,verified,,,empty,,,,,,
John,,,/ˈɑn/,,['Jon' 'Jonn'],short,behindthename,True,,golden,0.95,,,59219.0,Male,5334400.0,1880.0,2023.0,1971.0,True,False,['JH AA1 N'],J,['1'],1.0,,True,john,4.0,,,,,1.0,enriched,False,False,True,True,True,False,False,2026-09-04T21:32:39.347406,0.2.0,5a640631dcb06514,The name John comes from nan roots and means nan. It remains a timeless choice for modern parents.,golden_500,verified,,,empty,,,,,,
Jonathan,,,/ˈɑnəθən/,,['Johnathon' 'Johnathan' 'Jonothan' 'Jonathon'],long,behindthename,True,,golden,0.95,,,59247.0,Male,1051633.0,1880.0,2023.0,1990.0,True,False,['JH AA1 N AH0 TH AH0 N'],J,['100'],3.0,,False,jonathan,8.0,,,,,41.0,enriched,False,False,True,True,True,False,False,2026-09-04T21:32:39.392485,0.2.0,8aeddcf1d4f77869,The name Jonathan comes from nan roots and means nan. Its elegant sound has made it popular around the world.,golden_500,verified,,,empty,,,,,,
Joseph,,,/ˈoʊsəfˈoʊzəf/,,['Jozef' 'Josef'],medium,behindthename,True,,golden,0.95,,,59225.0,Male,2654627.0,1880.0,2023.0,1956.0,True,False,['JH OW1 S AH0 F' 'JH OW1 Z AH0 F'],J,['10' '10'],2.0,,False,joseph,6.0,,,,,8.0,enriched,False,False,True,True,True,False,False,2026-09-04T21:32:39.355042,0.2.0,13cda5768aef892b,The name Joseph comes from nan roots and means nan. It remains a timeless choice for modern parents.,golden_500,verified,,,empty,,,,,,
Justin,,,/ˈəstɪnˈəstən/,,['Justen'],medium,behindthename,True,,golden,0.95,,,59260.0,Male,791133.0,1880.0,2023.0,1990.0,False,False,['JH AH1 S T IH0 N' 'JH AH1 S T AH0 N'],J,['10' '10'],2.0,,False,justin,6.0,,,,,73.0,enriched,False,False,True,True,True,False,False,2026-09-04T21:32:39.410996,0.2.0,e07eb559ee4c1749,Justin is a nan name associated with nan. It remains a timeless choice for modern parents.,golden_500,verified,,,empty,,,,,,
Karen,,,/ˈɛrənˈɛrən/,,['Karon' 'Charron' 'Karan' 'Charon'],medium,behindthename,True,,golden,0.95,,,19.0,Female,998631.0,1881.0,2023.0,1974.0,False,False,['CH EH1 R AH0 N' 'K EH1 R AH0 N'],K,['10' '10'],2.0,,False,karen,5.0,,,,,50.0,enriched,False,False,True,True,True,False,False,2026-09-04T21:32:39.401309,0.2.0,8e951e0cde03159b,The name Karen comes from nan roots and means nan. It remains a timeless choice for modern parents.,golden_500,verified,,,empty,,,,,,
Katherine,,,/ˈæθrɪnˈæθɝɪn/,,['Catharine' 'Katharine' 'Kathryn' 'Catherine'],long,behindthename,True,,golden,0.95,,,10.0,Female,1156256.0,1880.0,2023.0,1990.0,False,False,['K AE1 TH R IH0 N' 'K AE1 TH ER0 IH0 N'],K,['10' '100'],2.0,,False,katherine,9.0,,,,,35.0,enriched,False,False,True,True,True,False,False,2026-09-04T21:32:39.385167,0.2.0,6651c5644684c99f,Katherine is a nan name associated with nan. It remains a timeless choice for modern parents.,golden_500,verified,,,empty,,,,,,
Kelly,,,/kˈɛliˈɛli/,,['Kellie' 'Kelley' 'Kelli'],medium,behindthename,True,,golden,0.95,,,47.0,Female,644971.0,1907.0,2023.0,1977.0,False,False,['OW0 K EH1 L IY0' 'K EH1 L IY0'],K,['010' '10'],2.0,,True,kelly,5.0,,,,,97.0,enriched,False,False,True,True,True,False,False,2026-09-04T21:32:39.443867,0.2.0,5affcaf6ae8998c2,The name Kelly comes from nan roots and means nan. It remains a timeless choice for modern parents.,golden_500,verified,,,empty,,,,,,
Kimberly,,,/ˈɪmbɝli/,,['Kimberley'],long,behindthename,True,,golden,0.95,,,23.0,Female,882060.0,1933.0,2023.0,1970.0,False,False,['K IH1 M B ER0 L IY0'],K,['100'],3.0,,False,kimberly,8.0,,,,,59.0,enriched,False,False,True,True,True,False,False,2026-09-04T21:32:39.409288,0.2.0,0c8d243aae31ea8b,The name Kimberly comes from nan roots and means nan. It remains a timeless choice for modern parents.,golden_500,verified,,,empty,,,,,,
Larry,,,/ˈɛri/,,['Lary'],medium,behindthename,True,,golden,0.95,,,59255.0,Male,808726.0,1880.0,2023.0,1947.0,False,False,['L EH1 R IY0'],L,['10'],2.0,,False,larry,5.0,,,,,66.0,enriched,False,False,True,True,True,False,False,2026-09-04T21:32:39.410996,0.2.0,e044bb1142969f62,The name Larry comes from nan roots and means nan. It remains a timeless choice for modern parents.,golden_500,verified,,,empty,,,,,,
Laura,,,/ˈɔrə/,,['Lora' 'Lorah'],medium,behindthename,True,,golden,0.95,,,26.0,Female,852316.0,1880.0,2023.0,1985.0,False,False,['L AO1 R AH0'],L,['10'],2.0,,False,laura,5.0,,,,,62.0,enriched,False,False,True,True,True,False,False,2026-09-04T21:32:39.410996,0.2.0,03c400a6741049fd,Laura is a nan name associated with nan. Its elegant sound has made it popular around the world.,golden_500,verified,,,empty,,,,,,
Linda,,,/ˈɪndə/,,['Lynda'],medium,behindthename,True,,golden,0.95,,,4.0,Female,1532414.0,1880.0,2023.0,1947.0,False,False,['L IH1 N D AH0'],L,['10'],2.0,,False,linda,5.0,,,,,19.0,enriched,False,False,True,True,True,False,False,2026-09-04T21:32:39.366306,0.2.0,cf88394f0dad43e2,Linda is a nan name associated with nan. It remains a timeless choice for modern parents.,golden_500,verified,,,empty,,,,,,
Lisa,,,/ˈisə/,,['Lesa'],short,behindthename,True,,golden,0.95,,,20.0,Female,978091.0,1886.0,2023.0,1965.0,False,False,['L IY1 S AH0'],L,['10'],2.0,,False,lisa,4.0,,,,,51.0,enriched,False,False,True,True,True,False,False,2026-09-04T21:32:39.402307,0.2.0,add90f8e31e71262,The name Lisa comes from nan roots and means nan. Its elegant sound has made it popular around the world.,golden_500,verified,,,empty,,,,,,
Mark,,,/ˈɑrk/,,['Marc' 'Marque' 'Marke'],short,behindthename,True,,golden,0.95,,,59234.0,Male,1500737.0,1880.0,2023.0,1988.0,True,False,['M AA1 R K'],M,['1'],1.0,,False,mark,4.0,,,,,21.0,enriched,False,False,True,True,True,False,False,2026-09-04T21:32:39.368301,0.2.0,ef3d444639943772,The name Mark comes from nan roots and means nan. It remains a timeless choice for modern parents.,golden_500,verified,,,empty,,,,,,
Mary,,,/ˈɛri/,,['Merry' 'Merrie' 'Marry'],short,behindthename,True,,golden,0.95,,,1.0,Female,4151715.0,1880.0,2023.0,1959.0,True,False,['M EH1 R IY0'],M,['10'],2.0,,True,mary,4.0,,,,,6.0,enriched,False,False,True,True,True,False,False,2026-09-04T21:32:39.352790,0.2.0,340830d4c954e8d2,The name Mary comes from nan roots and means nan. It remains a timeless choice for modern parents.,golden_500,verified,,,empty,,,,,,
Matthew,,,/ˈæθju/,,['Mathew' 'Mathieu'],medium,behindthename,True,,golden,0.95,,,59232.0,Male,1719213.0,1880.0,2023.0,2000.0,True,False,['M AE1 TH Y UW0'],M,['10'],2.0,,False,matthew,7.0,,,,,16.0,enriched,False,False,True,True,True,False,False,2026-09-04T21:32:39.363314,0.2.0,58502d32da0f9e41,Matthew is a nan name associated with nan. Its elegant sound has made it popular around the world.,golden_500,verified,,,empty,,,,,,
Michael,,,/ˈaɪkəl/,,['Michel' 'Micheal'],medium,behindthename,True,,golden,0.95,,,59222.0,Male,4564535.0,1880.0,2023.0,1957.0,True,False,['M AY1 K AH0 L'],M,['10'],2.0,,True,michael,7.0,,,,,4.0,enriched,False,False,True,True,True,False,False,2026-09-04T21:32:39.351789,0.2.0,bd25ad45e1e52fe2,Michael is a nan name associated with nan. It remains a timeless choice for modern parents.,golden_500,verified,,,empty,,,,,,
Michelle,,,/ɪʃˈɛl/,,['Michel' 'Michele'],long,behindthename,True,,golden,0.95,,,14.0,Female,1038289.0,1915.0,2023.0,1969.0,False,False,['M IH0 SH EH1 L'],M,['01'],2.0,,False,michelle,8.0,,,,,45.0,enriched,False,False,True,True,True,False,False,2026-09-04T21:32:39.396787,0.2.0,9e76d8e6c15c08ce,Michelle is a nan name associated with nan. It remains a timeless choice for modern parents.,golden_500,verified,,,empty,,,,,,
Nicholas,,,/ˈɪkləsˈɪkələs/,,['Nicolas' 'Nicklaus'],long,behindthename,True,,golden,0.95,,,59253.0,Male,919811.0,1880.0,2023.0,1995.0,False,False,['N IH1 K L AH0 S' 'N IH1 K AH0 L AH0 S'],N,['10' '100'],2.0,,False,nicholas,8.0,,,,,56.0,enriched,False,False,True,True,True,False,False,2026-09-04T21:32:39.406296,0.2.0,2c28ba2052d39b38,Nicholas is a nan name associated with nan. It remains a timeless choice for modern parents.,golden_500,verified,,,empty,,,,,,
Paul,,,/ˈɔl/,,['Pol' 'Paull' 'Paule'],short,behindthename,True,,golden,0.95,,,59238.0,Male,1395630.0,1880.0,2023.0,2020.0,True,False,['P AO1 L'],P,['1'],1.0,,False,paul,4.0,,,,,27.0,enriched,False,False,True,True,True,False,False,2026-09-04T21:32:39.373287,0.2.0,078696647917b5d9,Paul is a nan name associated with nan. It remains a timeless choice for modern parents.,golden_500,verified,,,empty,,,,,,
Rachel,,,/ˈeɪtʃəl/,,['Rachael'],medium,behindthename,True,,golden,0.95,,,45.0,Female,653763.0,1880.0,2023.0,1990.0,True,False,['R EY1 CH AH0 L'],R,['10'],2.0,,False,rachel,6.0,,,,,95.0,enriched,False,False,True,True,True,False,False,2026-09-04T21:32:39.441014,0.2.0,b84f7582cd422b79,Rachel is a nan name associated with nan. Its elegant sound has made it popular around the world.,golden_500,verified,,,empty,,,,,,
Raymond,,,/ˈeɪmənd/,,['Raimond' 'Raymund'],medium,behindthename,True,,golden,0.95,,,59262.0,Male,778663.0,1880.0,2023.0,1994.0,False,False,['R EY1 M AH0 N D'],R,['10'],2.0,,False,raymond,7.0,,,,,76.0,enriched,False,False,True,True,True,False,False,2026-09-04T21:32:39.425104,0.2.0,d89f38bbf544b91a,Raymond is a nan name associated with nan. It remains a timeless choice for modern parents.,golden_500,verified,,,empty,,,,,,
Richard,,,/ˈɪtʃɝd/,,['Richerd'],medium,behindthename,True,,golden,0.95,,,59226.0,Male,2574643.0,1880.0,2023.0,1957.0,False,False,['R IH1 CH ER0 D'],R,['10'],2.0,,False,richard,7.0,,,,,9.0,enriched,False,False,True,True,True,False,False,2026-09-04T21:32:39.355042,0.2.0,bc2ea48d4aa12b03,Richard is a nan name associated with nan. It remains a timeless choice for modern parents.,golden_500,verified,,,empty,,,,,,
Ryan,,,/ˈaɪˈænˈaɪən/,,['Rion' 'Ryen' 'Ryean' 'Ryon' 'Wryan'],short,behindthename,True,,golden,0.95,,,59251.0,Male,961366.0,1906.0,2023.0,2022.0,False,False,['R AY1 AE1 N' 'R AY1 AH0 N'],R,['11' '10'],2.0,,True,ryan,4.0,,,,,53.0,enriched,False,False,True,True,True,False,False,2026-09-04T21:32:39.404301,0.2.0,bc5b15871746eab5,Ryan is a nan name associated with nan. Its elegant sound has made it popular around the world.,golden_500,verified,,,empty,,,,,,
Sarah,,,/ˈɛrə/,,['Cera' 'Sara' 'Cerra' 'Serra'],medium,behindthename,True,,golden,0.95,,,5.0,Female,1528247.0,1880.0,2023.0,1996.0,True,False,['S EH1 R AH0'],S,['10'],2.0,,False,sarah,5.0,,,,,20.0,enriched,False,False,True,True,True,False,False,2026-09-04T21:32:39.367303,0.2.0,1f4c3ebf50775b58,Sarah is a nan name associated with nan. Its elegant sound has made it popular around the world.,golden_500,verified,,,empty,,,,,,
Scott,,,/kˈɑt/,,['Scot'],medium,behindthename,True,,golden,0.95,,,59261.0,Male,787638.0,1880.0,2023.0,1971.0,False,False,['S K AA1 T'],S,['1'],1.0,,False,scott,5.0,,,,,75.0,enriched,False,False,True,True,True,False,False,2026-09-04T21:32:39.410996,0.2.0,ac30e0cd6d4d727c,Scott is a nan name associated with nan. It remains a timeless choice for modern parents.,golden_500,verified,,,empty,,,,,,
Sean,,,/ˈɔn/,,['Shawn' 'Shaun'],short,behindthename,True,,golden,0.95,,,59258.0,Male,798251.0,1925.0,2023.0,1990.0,False,False,['SH AO1 N'],S,['1'],1.0,,False,sean,4.0,,,,,70.0,enriched,False,False,True,True,True,False,False,2026-09-04T21:32:39.410996,0.2.0,50547dc8488409e7,Sean is a nan name associated with nan. Its elegant sound has made it popular around the world.,golden_500,verified,,,empty,,,,,,
Sharon,,,/ərˈoʊnˈɛrənˈærən/,,['Sherron' 'Sharron'],medium,behindthename,True,,golden,0.95,,,36.0,Female,722645.0,1900.0,2023.0,1947.0,True,False,['SH AH0 R OW1 N' 'SH EH1 R AH0 N' 'SH AE1 R AH0 N'],S,['01' '10' '10'],2.0,,False,sharon,6.0,,,,,83.0,enriched,False,False,True,True,True,False,False,2026-09-04T21:32:39.427112,0.2.0,eb749450d61c801d,Sharon is a nan name associated with nan. Its elegant sound has made it popular around the world.,golden_500,verified,,,empty,,,,,,
Shirley,,,/ˈɝli/,,['Shirlee' 'Shirlie' 'Shurley' 'Sherley'],medium,behindthename,True,,golden,0.95,,,40.0,Female,694319.0,1880.0,2023.0,1947.0,False,False,['SH ER1 L IY0'],S,['10'],2.0,,False,shirley,7.0,,,,,89.0,enriched,False,False,True,True,True,False,False,2026-09-04T21:32:39.433525,0.2.0,bd1d361e5285474a,Shirley is a nan name associated with nan. Its elegant sound has made it popular around the world.,golden_500,verified,,,empty,,,,,,
Stephanie,,,/tˈɛfəni/,,['Stefanie' 'Stefani' 'Stephani' 'Stephany'],long,behindthename,True,,golden,0.95,,,30.0,Female,808462.0,1891.0,2023.0,1990.0,False,False,['S T EH1 F AH0 N IY0'],S,['100'],3.0,,False,stephanie,9.0,,,,,67.0,enriched,False,False,True,True,True,False,False,2026-09-04T21:32:39.410996,0.2.0,2a2536cf212d18ef,Stephanie is a nan name associated with nan. It remains a timeless choice for modern parents.,golden_500,verified,,,empty,,,,,,
Steven,,,/tˈivən/,,['Stephen'],medium,behindthename,True,,golden,0.95,,,59229.0,Male,2153499.0,1880.0,2023.0,1956.0,True,False,['S T IY1 V AH0 N'],S,['10'],2.0,,False,steven,6.0,,,,,12.0,enriched,False,False,True,True,True,False,False,2026-09-04T21:32:39.358537,0.2.0,50bae7f8224387b4,The name Steven comes from nan roots and means nan. Its elegant sound has made it popular around the world.,golden_500,verified,,,empty,,,,,,
Teresa,,,/ɝˈeɪsəɝˈisə/,,['Theresa'],medium,behindthename,True,,golden,0.95,,,29.0,Female,819746.0,1880.0,2023.0,1961.0,False,False,['T ER0 EY1 S AH0' 'T ER0 IY1 S AH0'],T,['010' '010'],3.0,,False,teresa,6.0,,,,,65.0,enriched,False,False,True,True,True,False,False,2026-09-04T21:32:39.410996,0.2.0,6181d59c458076f8,Teresa is a nan name associated with nan. It remains a timeless choice for modern parents.,golden_500,verified,,,empty,,,,,,
William,,,/ˈɪljəmˈəbəjuˈɛm/,,['Wm'],medium,behindthename,True,,golden,0.95,,,59223.0,Male,4180830.0,1880.0,2023.0,1947.0,False,False,['W IH1 L Y AH0 M' 'D AH1 B AH0 Y UW0 EH1 M'],W,['10' '1001'],3.0,,True,william,7.0,,,,,5.0,enriched,False,False,True,True,True,False,False,2026-09-04T21:32:39.352790,0.2.0,122cecb83b0bc0f6,William is a nan name associated with nan. Its elegant sound has made it popular around the world.,golden_500,verified,,,empty,,,,,,
