priority,name,gender,country,status
1,James,Male,,pending
2,Benjamin,Male,,pending
3,Samuel,Male,,pending
4,Henry,Male,,pending
5,Emma,Female,,pending
6,Jack,Male,,pending
7,Alexander,Male,,pending
8,Sophia,Female,GR,pending
9,Nathan,Male,,pending
10,Olivia,Female,,pending
11,Grace,Female,,pending
12,Victoria,Female,,pending
13,Hannah,Female,,pending
14,Noah,Male,,pending
15,Ethan,Male,,pending
16,Charlotte,Female,,pending
17,Isabella,Female,,pending
18,Ruby,Female,,pending
19,Elijah,Male,,pending
20,Ella,Female,,pending
21,Mason,Male,,pending
22,Ava,Female,,pending
23,Liam,Male,IE,pending
24,Lucas,Male,,pending
25,Hazel,Female,,pending
26,Mia,Female,,pending
27,Zoe,Female,,pending
28,Amelia,Female,GB,pending
29,Julian,Male,,pending
30,Aiden,Male,,pending
31,Leo,Male,,pending
32,Chloe,Female,,pending
33,Owen,Male,,pending
34,Nora,Female,,pending
35,Levi,Male,,pending
36,Maya,Female,,pending
37,Violet,Female,,pending
38,Mateo,Male,,pending
39,Harper,Female,,pending
40,Layla,Female,,pending
41,Scarlett,Female,,pending
42,Elena,Female,,pending
43,Mila,Female,,pending
44,Ezra,Male,,pending
45,Luca,Male,,pending
46,Aurora,Female,,pending
47,Aria,Female,,pending
48,Ivy,Female,,pending
49,Luna,Female,,pending
50,Elise,Female,,pending
51,Theo,Male,,pending
52,John,Male,,pending
53,Robert,Male,,pending
54,Michael,Male,,pending
55,William,Male,,pending
56,Mary,Female,,pending
57,David,Male,,pending
58,Joseph,Male,,pending
59,Richard,Male,,pending
60,Charles,Male,,pending
61,Thomas,Male,,pending
62,Steven,Male,,pending
63,Christopher,Male,,pending
64,Daniel,Male,,pending
65,Elizabeth,Female,,pending
66,Matthew,Male,,pending
67,Brian,Male,,pending
68,Patricia,Female,,pending
69,Linda,Female,,pending
70,Sarah,Female,,pending
71,Mark,Male,,pending
72,George,Male,,pending
73,Anthony,Male,,pending
74,Jennifer,Female,,pending
75,Barbara,Female,,pending
76,Donald,Male,,pending
77,Paul,Male,,pending
78,Deborah,Female,,pending
79,Andrew,Male,,pending
80,Edward,Male,,pending
81,Kenneth,Male,,pending
82,Margaret,Female,,pending
83,Joshua,Male,,pending
84,Kevin,Male,,pending
85,Katherine,Female,,pending
86,Eric,Male,,pending
87,Dorothy,Female,,pending
88,Susan,Female,,pending
89,Ronald,Male,,pending
90,Timothy,Male,,pending
91,Jonathan,Male,,pending
92,Jessica,Female,,pending
93,Jeffrey,Male,,pending
94,Jason,Male,,pending
95,Michelle,Female,,pending
96,Betty,Female,,pending
97,Helen,Female,,pending
98,Anna,Female,,pending
99,Nancy,Female,,pending
100,Karen,Female,,pending
101,Lisa,Female,,pending
102,Jacob,Male,,pending
103,Ryan,Male,,pending
104,Gary,Male,,pending
105,Carol,Female,,pending
106,Nicholas,Male,,pending
107,Frank,Male,,pending
108,Emily,Female,,pending
109,Kimberly,Female,,pending
110,Sandra,Female,,pending
111,Ashley,Female,,pending
112,Laura,Female,,pending
113,Ruth,Female,,pending
114,Donna,Female,,pending
115,Teresa,Female,,pending
116,Larry,Male,,pending
117,Stephanie,Female,,pending
118,Sean,Male,,pending
119,Ann,Female,,pending
120,Brandon,Male,,pending
121,Justin,Male,,pending
122,Amanda,Female,,pending
123,Scott,Male,,pending
124,Raymond,Male,,pending
125,Melissa,Female,,pending
126,Rebecca,Female,,pending
127,Alan,Male,,pending
128,Sharon,Female,,pending
129,Kathleen,Female,,pending
130,Gregory,Male,,pending
131,Cynthia,Female,,pending
132,Amy,Female,,pending
133,Shirley,Female,,pending
134,Patrick,Male,,pending
135,Angela,Female,,pending
136,Christine,Female,,pending
137,Christina,Female,,pending
138,Catherine,Female,,pending
139,Rachel,Female,,pending
140,Virginia,Female,,pending
141,Kelly,Female,,pending
142,Dennis,Male,,pending
143,Jerry,Male,,pending
144,Jean,Female,,pending
145,Aaron,Male,,pending
146,Walter,Male,,pending
147,Frances,Female,,pending
148,Evelyn,Female,,pending
149,Diane,Female,,pending
150,Brenda,Female,,pending
151,Carl,Male,,pending
152,Tyler,Male,,pending
153,Alice,Female,,pending
154,Nicole,Female,,pending
155,Zachary,Male,,pending
156,Pamela,Female,,pending
157,Samantha,Female,,pending
158,Peter,Male,,pending
159,Jose,Male,,pending
160,Adam,Male,,pending
161,Douglas,Male,,pending
162,Lori,Female,,pending
163,Carolyn,Female,,pending
164,Maria,Female,,pending
165,Janet,Female,,pending
166,Harold,Male,,pending
167,Martha,Female,,pending
168,Jesse,Male,,pending
169,Arthur,Male,,pending
170,Marie,Female,,pending
171,Kathy,Female,,pending
172,Heather,Female,,pending
173,Cheryl,Female,,pending
174,Julie,Female,,pending
175,Joyce,Female,,pending
176,Lawrence,Male,,pending
177,Rose,Female,,pending
178,Jacqueline,Female,,pending
179,Lillian,Female,,pending
180,Albert,Male,,pending
181,Lauren,Female,,pending
182,Kyle,Male,,pending
183,Gerald,Male,,pending
184,Allison,Female,,pending
185,Joan,Female,,pending
186,Dylan,Male,,pending
187,Sherry,Female,,pending
188,Julia,Female,,pending
189,Roger,Male,,pending
190,Doris,Female,,pending
191,Janice,Female,,pending
192,Joe,Male,,pending
193,Willie,Male,,pending
194,Judith,Female,,pending
195,Crystal,Female,,pending
196,Mildred,Female,,pending
197,Christian,Male,,pending
198,Jeremy,Male,,pending
199,Johnny,Male,,pending
200,Andrea,Female,,pending
201,Megan,Female,,pending
202,Carrie,Female,,pending
203,Keith,Male,,pending
204,Austin,Male,,pending
205,Terry,Male,,pending
206,Harry,Male,,pending
207,Tracy,Female,,pending
208,Jordan,Male,,pending
209,Billy,Male,,pending
210,Gloria,Female,,pending
211,Ralph,Male,,pending
212,Madison,Female,,pending
213,Roy,Male,,pending
214,Derek,Male,,pending
215,Lily,Female,,pending
216,Jane,Female,,pending
217,Tammy,Female,,pending
218,Louis,Male,,pending
219,Abigail,Female,,pending
220,Jimmy,Male,,pending
221,Natalie,Female,,pending
222,Judy,Female,,pending
223,Beverly,Female,,pending
224,Marilyn,Female,,pending
225,Hailey,Female,,pending
226,Bruce,Male,,pending
227,Denise,Female,,pending
228,Gabriel,Male,,pending
229,Eugene,Male,,pending
230,Erica,Female,,pending
231,Logan,Male,,pending
232,Russell,Male,,pending
233,Glenn,Male,,pending
234,Amber,Female,,pending
235,Danielle,Female,,pending
236,Joanne,Female,,pending
237,Diana,Female,,pending
238,Juan,Male,,pending
239,Ernest,Male,,pending
240,Brittany,Female,,pending
241,Annie,Female,,pending
242,Brianna,Female,,pending
243,Vincent,Male,,pending
244,Irene,Female,,pending
245,Wayne,Male,,pending
246,Frederick,Male,,pending
247,Alyssa,Female,,pending
248,Christy,Female,,pending
249,Stacy,Female,,pending
250,Kayla,Female,,pending
251,Howard,Male,,pending
252,Darrell,Male,,pending
253,Fred,Male,,pending
254,Alexis,Female,,pending
255,Philip,Male,,pending
256,Isaac,Male,,pending
257,Taylor,Female,,pending
258,Florence,Female,,pending
259,Tiffany,Female,,pending
260,Louise,Female,,pending
261,Bonnie,Female,,pending
262,Bobby,Male,,pending
263,Lois,Female,,pending
264,Marion,Female,,pending
265,Victor,Male,,pending
266,Randy,Male,,pending
267,Dolores,Female,,pending
268,Phyllis,Female,,pending
269,Josephine,Female,,pending
270,Vicki,Female,,pending
271,Eleanor,Female,,pending
272,Connor,Male,,pending
273,Erin,Female,,pending
274,Phillip,Male,,pending
275,Martin,Male,,pending
276,Caleb,Male,,pending
277,Luke,Male,,pending
278,Bradley,Male,,pending
279,Travis,Male,,pending
280,Terri,Female,,pending
281,Jamie,Female,,pending
282,Leonard,Male,,pending
283,Audrey,Female,,pending
284,Cameron,Male,,pending
285,Leslie,Female,,pending
286,Clarence,Male,,pending
287,Carlos,Male,,pending
288,Stanley,Male,,pending
289,Earl,Male,,pending
290,Peggy,Female,,pending
291,Craig,Male,,pending
292,Kaitlyn,Female,,pending
293,Tina,Female,,pending
294,Marjorie,Female,,pending
295,Clara,Female,,pending
296,Shannon,Female,,pending
297,Edna,Female,,pending
298,Danny,Male,,pending
299,Francis,Male,,pending
300,Theodore,Male,,pending
301,Robin,Female,,pending
302,Dawn,Female,,pending
303,Cody,Male,,pending
304,Todd,Male,,pending
305,Luis,Male,,pending
306,Lindsey,Female,,pending
307,Rita,Female,,pending
308,Gail,Female,,pending
309,Jackson,Male,,pending
310,Evan,Male,,pending
311,Curtis,Male,,pending
312,Wanda,Female,,pending
313,Alex,Male,,pending
314,Esther,Female,,pending
315,Nathaniel,Male,,pending
316,Ethel,Female,,pending
317,Eva,Female,,pending
318,Paula,Female,,pending
319,Dale,Male,,pending
320,Norma,Female,,pending
321,Valerie,Female,,pending
322,Joel,Male,,pending
323,Ellen,Female,,pending
324,Melanie,Female,,pending
325,Leah,Female,,pending
326,Edith,Female,,pending
327,Gladys,Female,,pending
328,Katie,Female,,pending
329,Connie,Female,,pending
330,Tonya,Female,,pending
331,Lucille,Female,,pending
332,Jeanette,Female,,pending
333,Sylvia,Female,,pending
334,Adrian,Male,,pending
335,Wendy,Female,,pending
336,Elaine,Female,,pending
337,Cindy,Female,,pending
338,Vanessa,Female,,pending
339,Tony,Male,,pending
340,Antonio,Male,,pending
341,Courtney,Female,,pending
342,Hunter,Male,,pending
343,Angel,Male,,pending
344,Jasmine,Female,,pending
345,Sally,Female,,pending
346,Lynn,Female,,pending
347,Marcus,Male,,pending
348,Marvin,Male,,pending
349,Dominic,Male,,pending
350,Norman,Male,,pending
351,Monica,Female,,pending
352,Ian,Male,,pending
353,Vivian,Female,,pending
354,Melvin,Male,,pending
355,Caroline,Female,,pending
356,Rodney,Male,,pending
357,Rhonda,Female,,pending
358,Edwin,Male,,pending
359,Jayden,Male,,pending
360,Isaiah,Male,,pending
361,Alfred,Male,,pending
362,Chad,Male,,pending
363,Alexandra,Female,,pending
364,April,Female,,pending
365,Sheila,Female,,pending
366,Steve,Male,,pending
367,Claire,Female,,pending
368,Jesus,Male,,pending
369,Oliver,Male,,pending
370,Lee,Male,,pending
371,Marcia,Female,,pending
372,Wesley,Male,,pending
373,Randall,Male,,pending
374,Jeffery,Male,,pending
375,Lucy,Female,,pending
376,Isabel,Female,,pending
377,Lorraine,Female,,pending
378,Alicia,Female,,pending
379,Herbert,Male,,pending
380,Eileen,Female,,pending
381,Holly,Female,,pending
382,Pauline,Female,,pending
383,Thelma,Female,,pending
384,Eddie,Male,,pending
385,Jennie,Female,,pending
386,Morgan,Female,,pending
387,Ricky,Male,,pending
388,Molly,Female,,pending
389,Veronica,Female,,pending
390,Carter,Male,,pending
391,Savannah,Female,,pending
392,Suzanne,Female,,pending
393,Kristen,Female,,pending
394,Jeremiah,Male,,pending
395,Ariana,Female,,pending
396,Gabriella,Female,,pending
397,Calvin,Male,,pending
398,Ray,Male,,pending
399,Troy,Male,,pending
400,Anita,Female,,pending
401,Darlene,Female,,pending
402,Oscar,Male,,pending
403,Tommy,Male,,pending
404,Geraldine,Female,,pending
405,Jill,Female,,pending
406,Brandy,Female,,pending
407,Bertha,Female,,pending
408,Dustin,Male,,pending
409,Juanita,Female,,pending
410,Renee,Female,,pending
411,Brooke,Female,,pending
412,Landon,Male,,pending
413,Mike,Male,,pending
414,Jared,Male,,pending
415,Shane,Male,,pending
416,Madeline,Female,,pending
417,Charlie,Male,,pending
418,Mackenzie,Female,,pending
419,June,Female,,pending
420,Debbie,Female,,pending
421,Sydney,Female,,pending
422,Sebastian,Male,,pending
423,Leroy,Male,,pending
424,Bernard,Male,,pending
425,Corey,Male,,pending
426,Stella,Female,,pending
427,Ronnie,Male,,pending
428,Jay,Male,,pending
429,Kaylee,Female,,pending
430,Wyatt,Male,,pending
431,Beatrice,Female,,pending
432,Dana,Female,,pending
433,Mabel,Female,,pending
434,Duane,Male,,pending
435,Dean,Male,,pending
436,Jo,Female,,pending
437,Manuel,Male,,pending
438,Brett,Male,,pending
439,Barry,Male,,pending
440,Clifford,Male,,pending
441,Ida,Female,,pending
442,Miguel,Male,,pending
443,Gavin,Male,,pending
444,Loretta,Female,,pending
445,Elsie,Female,,pending
446,Jessie,Female,,pending
447,Blake,Male,,pending
448,Lloyd,Male,,pending
449,Regina,Female,,pending
450,Chase,Male,,pending
451,Naomi,Female,,pending
452,Bernice,Female,,pending
453,Warren,Male,,pending
454,Lydia,Female,,pending
455,Kim,Female,,pending
456,Mitchell,Male,,pending
457,Kristin,Female,,pending
458,Katelyn,Female,,pending
459,Leon,Male,,pending
460,Gertrude,Female,,pending
461,Rosa,Female,,pending
462,Terrence,Male,,pending
463,Tara,Female,,pending
464,Don,Male,,pending
465,Gina,Female,,pending
466,Annette,Female,,pending
467,Lena,Female,,pending
468,Roberta,Female,,pending
469,Bessie,Female,,pending
470,Cassandra,Female,,pending
471,Lila,Female,,pending
472,Marissa,Female,,pending
473,Miles,Male,,pending
474,Max,Male,,pending
475,Neil,Male,,pending
476,Mae,Female,,pending
477,Damian,Male,,pending
478,Cecilia,Female,,pending
479,Chris,Male,,pending
480,Seth,Male,,pending
481,Jenna,Female,,pending
482,Jodi,Female,,pending
483,Colleen,Female,,pending
484,Alma,Female,,pending
485,Chelsea,Female,,pending
486,Pearl,Female,,pending
487,Georgia,Female,,pending
488,Cole,Male,,pending
489,Colton,Male,,pending
490,Jerome,Male,,pending
491,Rosemary,Female,,pending
492,Alvin,Male,,pending
493,Bill,Male,,pending
494,Trevor,Male,,pending
495,Beth,Female,,pending
496,Nellie,Female,,pending
497,Cora,Female,,pending
498,Minnie,Female,,pending
499,Agnes,Female,,pending
500,Avery,Female,,pending
